Workbook

Sheet ai_job_market
A1: job_id | B1: company_name | C1: industry | D1: job_title | E1: skills_required | F1: experience_level | G1: employment_type | H1: City | I1: Country | J1: Salary_min | K1: Salary_max | L1: posted_date | M1: company_size | N1: tools_preferred
A2: 1 | B2: Foster and Sons | C2: Healthcare | D2: Data Analyst | E2: NumPy, Reinforcement Learning, PyTorch, Scikit-learn, GCP, FastAPI | F2: Mid | G2: Full-time | H2: Tracybury | I2: AR | J2: 92860 | K2: 109598 | L2: 45889 | M2: Large | N2: KDB+, LangChain
A3: 2 | B3: Boyd, Myers and Ramirez | C3: Tech | D3: Computer Vision Engineer | E3: Scikit-learn, CUDA, SQL, Pandas | F3: Senior | G3: Full-time | H3: Lake Scott | I3: CU | J3: 78523 | K3: 144875 | L3: 45373 | M3: Large | N3: FastAPI, KDB+, TensorFlow
A4: 3 | B4: King Inc | C4: Tech | D4: Quant Researcher | E4: MLflow, FastAPI, Azure, PyTorch, SQL, GCP | F4: Entry | G4: Full-time | H4: East Paige | I4: CM | J4: 124496 | K4: 217204 | L4: 45918 | M4: Large | N4: BigQuery, PyTorch, Scikit-learn
A5: 4 | B5: Cooper, Archer and Lynch | C5: Tech | D5: AI Product Manager | E5: Scikit-learn, C++, Pandas, LangChain, AWS, R | F5: Mid | G5: Full-time | H5: Perezview | I5: FI | J5: 50908 | K5: 123743 | L5: 45420 | M5: Large | N5: TensorFlow, BigQuery, MLflow
A6: 5 | B6: Hall LLC | C6: Finance | D6: Data Scientist | E6: Excel, Keras, SQL, Hugging Face | F6: Senior | G6: Contract | H6: North Desireeland | I6: NE | J6: 98694 | K6: 135413 | L6: 45712 | M6: Large | N6: PyTorch, LangChain
A7: 6 | B7: Ellis PLC | C7: E-commerce | D7: AI Product Manager | E7: GCP, Excel, Scikit-learn, MLflow | F7: Senior | G7: Remote | H7: South Kevin | I7: TZ | J7: 92632 | K7: 180718 | L7: 45876 | M7: Large | N7: PyTorch, TensorFlow, FastAPI
A8: 7 | B8: Matthews-Moses | C8: Automotive | D8: Data Analyst | E8: Python, Flask, Scikit-learn, GCP | F8: Mid | G8: Full-time | H8: West Shawn | I8: LR | J8: 70575 | K8: 88594 | L8: 45649 | M8: Large | N8: PyTorch, MLflow
A9: 8 | B9: Mullins Ltd | C9: Education | D9: Data Scientist | E9: Excel, SQL, Flask | F9: Entry | G9: Internship | H9: Port Hailey | I9: RU | J9: 63032 | K9: 82144 | L9: 45518 | M9: Large | N9: BigQuery
A10: 9 | B10: Aguilar PLC | C10: Healthcare | D10: ML Engineer | E10: Pandas, LangChain, GCP, Azure | F10: Entry | G10: Internship | H10: Butlermouth | I10: GB | J10: 134239 | K10: 188504 | L10: 45915 | M10: Large | N10: Scikit-learn, LangChain, BigQuery
A11: 10 | B11: Parks LLC | C11: Automotive | D11: Computer Vision Engineer | E11: Excel, Reinforcement Learning, TensorFlow | F11: Senior | G11: Full-time | H11: Nicoleshire | I11: BA | J11: 79361 | K11: 165029 | L11: 45876 | M11: Large | N11: MLflow, TensorFlow
A12: 11 | B12: Vaughan-Ortiz | C12: Tech | D12: Data Scientist | E12: Keras, MLflow, Reinforcement Learning | F12: Entry | G12: Internship | H12: New Angelatown | I12: LU | J12: 99964 | K12: 125971 | L12: 45301 | M12: Large | N12: LangChain, BigQuery, Scikit-learn
A13: 12 | B13: Johnson, Guzman and Hernandez | C13: Finance | D13: ML Engineer | E13: Excel, Reinforcement Learning, Keras, Scikit-learn | F13: Entry | G13: Full-time | H13: Joychester | I13: LT | J13: 63583 | K13: 132670 | L13: 45366 | M13: Large | N13: TensorFlow, PyTorch, BigQuery
... A2001: 2000 | B2001: Estes Group | C2001: Finance | D2001: Quant Researcher | E2001: Flask, TensorFlow, Power BI | F2001: Senior | G2001: Full-time | H2001: Benjaminview | I2001: NE | J2001: 55835 | K2001: 97374 | L2001: 45708 | M2001: Startup | N2001: MLflow

Sheet Sheet1
A1: AI JOB ANALYSIS DASHBOARD
A4: Quant Researcher | D4: Entry | G4: =_xlfn.MINIFS(ai_job_market!$J$2:$J$2001,ai_job_market!$D$2:$D$2001,Sheet1!$A$4,ai_job_market!$F$2:$F$2001,Sheet1!$D$4) -> 41023 | J4: =_xlfn.MAXIFS(ai_job_market!$J$2:$J$2001,ai_job_market!$D$2:$D$2001,Sheet1!$A$4,ai_job_market!$F$2:$F$2001,Sheet1!$D$4) -> 144902 | M4: =AVERAGEIFS(ai_job_market!$J$2:$J$2001,ai_job_market!$D$2:$D$2001,Sheet1!$A$4,ai_job_market!$F$2:$F$2001,Sheet1!$D$4) -> 86154.696 | P4: =_xlfn.TEXTJOIN(",",TRUE,_xlfn.UNIQUE(_xlfn.TEXTSPLIT(_xlfn.TEXTJOIN(",",TRUE,Sheet3!A2:A2000),","),TRUE,FALSE)) -> MLflow, FastAPI, Azure, PyTorch, SQL, GCP,C++, Power BI, R, Keras,LangChain, NumPy, CUDA, C++, MLflow,Hugging Face, Flask, TensorFlow, Excel,Reinforcement Learning, LangChain,Python, Pandas,AWS,Keras, Scikit-learn,Azure, Reinforcement Learning,Excel,Power BI, AWS,FastAPI, Python,PyTorch,NumPy, Hugging Face,GCP,TensorFlow,SQL,Scikit-learn,R,Flask,CUDA
G7: MIN SALARY | J7: MAX SALARY | M7: AVERAGE SALARY | P7: =_xlfn.CONCAT("SKILLS REQUIRED FOR --> ",A4, " ( ",D4," )") -> SKILLS REQUIRED FOR --> Quant Researcher ( Entry )

Sheet Sheet2
A1: Row Labels | B1: Sum of Salary_min | C1: Row Labels | D1: Count of experience_level | H1: Row Labels | I1: Sum of Salary_min | J1: Sum of Salary_max
A2: Automotive | B2: 29236494 | C2: AI Product Manager | D2: 258 | H2: Contract | I2: 43784734 | J2: 69421875
A3: E-commerce | B3: 28372825 | C3: AI Researcher | D3: 237 | H3: Full-time | I3: 48972498 | J3: 76960583
A4: Education | B4: 27788399 | C4: Computer Vision Engineer | D4: 230 | H4: Internship | I4: 55346353 | J4: 87250242
A5: Finance | B5: 26291184 | C5: Data Analyst | D5: 271 | H5: Remote | I5: 42645619 | J5: 67778102
A6: Healthcare | B6: 25205619 | C6: Data Scientist | D6: 238 | H6: Grand Total | I6: 190749204 | J6: 301410802
A7: Retail | B7: 28032580 | C7: ML Engineer | D7: 250
A8: Tech | B8: 25822103 | C8: NLP Engineer | D8: 265
A9: Grand Total | B9: 190749204 | C9: Quant Researcher | D9: 251
C10: Grand Total | D10: 2000

Sheet Sheet3
A1: SKILLS REQUIRED
A2: =IF(AND(ai_job_market[[#This Row],[job_title]] = Sheet1!$A$4,ai_job_market[[#This Row],[experience_level]]=Sheet1!$D$4),ai_job_market[[#This Row],[skills_required]],"")
A3: =IF(AND(ai_job_market[[#This Row],[job_title]] = Sheet1!$A$4,ai_job_market[[#This Row],[experience_level]]=Sheet1!$D$4),ai_job_market[[#This Row],[skills_required]],"")
A4: =IF(AND(ai_job_market[[#This Row],[job_title]] = Sheet1!$A$4,ai_job_market[[#This Row],[experience_level]]=Sheet1!$D$4),ai_job_market[[#This Row],[skills_required]],"") -> MLflow, FastAPI, Azure, PyTorch, SQL, GCP
A5: =IF(AND(ai_job_market[[#This Row],[job_title]] = Sheet1!$A$4,ai_job_market[[#This Row],[experience_level]]=Sheet1!$D$4),ai_job_market[[#This Row],[skills_required]],"")
A6: =IF(AND(ai_job_market[[#This Row],[job_title]] = Sheet1!$A$4,ai_job_market[[#This Row],[experience_level]]=Sheet1!$D$4),ai_job_market[[#This Row],[skills_required]],"")
A7: =IF(AND(ai_job_market[[#This Row],[job_title]] = Sheet1!$A$4,ai_job_market[[#This Row],[experience_level]]=Sheet1!$D$4),ai_job_market[[#This Row],[skills_required]],"")
A8: =IF(AND(ai_job_market[[#This Row],[job_title]] = Sheet1!$A$4,ai_job_market[[#This Row],[experience_level]]=Sheet1!$D$4),ai_job_market[[#This Row],[skills_required]],"")
A9: =IF(AND(ai_job_market[[#This Row],[job_title]] = Sheet1!$A$4,ai_job_market[[#This Row],[experience_level]]=Sheet1!$D$4),ai_job_market[[#This Row],[skills_required]],"")
A10: =IF(AND(ai_job_market[[#This Row],[job_title]] = Sheet1!$A$4,ai_job_market[[#This Row],[experience_level]]=Sheet1!$D$4),ai_job_market[[#This Row],[skills_required]],"")
A11: =IF(AND(ai_job_market[[#This Row],[job_title]] = Sheet1!$A$4,ai_job_market[[#This Row],[experience_level]]=Sheet1!$D$4),ai_job_market[[#This Row],[skills_required]],"")
A12: =IF(AND(ai_job_market[[#This Row],[job_title]] = Sheet1!$A$4,ai_job_market[[#This Row],[experience_level]]=Sheet1!$D$4),ai_job_market[[#This Row],[skills_required]],"")
A13: =IF(AND(ai_job_market[[#This Row],[job_title]] = Sheet1!$A$4,ai_job_market[[#This Row],[experience_level]]=Sheet1!$D$4),ai_job_market[[#This Row],[skills_required]],"")
... A2000: =IF(AND(ai_job_market[[#This Row],[job_title]] = Sheet1!$A$4,ai_job_market[[#This Row],[experience_level]]=Sheet1!$D$4),ai_job_market[[#This Row],[skills_required]],"")
